Date,Filename,Total,Additions,Deletions
2012-12-01,gw.sql,152,152,0
2012-12-01,index.php,9,0,9
2012-12-01,pinboard.css,9239,9238,1
2012-12-01,pinboard1.css,0,0,0
2012-12-01,bundle_pin_8.js,449,449,0
2012-12-01,index.php,2,1,1
2012-12-01,bundle_pin_6.js,2,2,0
2012-12-01,index.php,1,1,0
2012-12-01,bundle_pin_6.js,96,4,92
2012-12-01,other2.js,82,82,0
2012-12-01,.gitignore,3,3,0
2012-12-01,index.php,4,4,0
2012-12-01,bundle_pin_6.js,546,4,542
2012-12-01,jalert.js,115,0,115
2012-12-01,jalert.js,170,170,0
2012-12-01,jquery.pageless.js,208,208,0
2012-12-01,jquery.pageless.min.js,88,88,0
2012-12-01,other1.js,281,281,0
2012-12-01,README,0,0,0
2012-12-01,indicator.gif,0,0,0
2012-12-01,jquery.autocomplete.css,48,48,0
2012-12-01,jquery.ajaxqueue.js,116,116,0
2012-12-01,jquery.autocomplete.js,813,813,0
2012-12-01,jquery.ba-bbq.js,1137,1137,0
2012-12-01,jquery.bgiframe.js,39,39,0
2012-12-01,jquery.cookie.js,92,92,0
2012-12-01,jquery.history.js,1,1,0
2012-12-01,jquery.js,9404,9404,0
2012-12-01,jquery.maskedinput.js,258,258,0
2012-12-01,jquery.maskedinput.min.js,7,7,0
2012-12-01,jquery.metadata.js,148,148,0
2012-12-01,jquery.min.js,4,4,0
2012-12-01,jquery.multifile.js,536,536,0
2012-12-01,jquery.rating.js,381,381,0
2012-12-01,jquery.treeview.async.js,110,110,0
2012-12-01,jquery.treeview.edit.js,37,37,0
2012-12-01,jquery.treeview.js,256,256,0
2012-12-01,jquery.yii.js,53,53,0
2012-12-01,jquery.yiiactiveform.js,427,427,0
2012-12-01,jquery.yiitab.js,50,50,0
2012-12-01,MIT-LICENSE.txt,25,25,0
2012-12-01,ui-bg_flat_0_aaaaaa_40x100.png,0,0,0
2012-12-01,ui-bg_flat_75_ffffff_40x100.png,0,0,0
2012-12-01,ui-bg_glass_55_fbf9ee_1x400.png,0,0,0
2012-12-01,ui-bg_glass_65_ffffff_1x400.png,0,0,0
2012-12-01,ui-bg_glass_75_dadada_1x400.png,0,0,0
2012-12-01,ui-bg_glass_75_e6e6e6_1x400.png,0,0,0
2012-12-01,ui-bg_glass_95_fef1ec_1x400.png,0,0,0
2012-12-01,ui-bg_highlight-soft_75_cccccc_1x100.png,0,0,0
2012-12-01,ui-icons_222222_256x240.png,0,0,0
2012-12-01,ui-icons_2e83ff_256x240.png,0,0,0
2012-12-01,ui-icons_454545_256x240.png,0,0,0
2012-12-01,ui-icons_888888_256x240.png,0,0,0
2012-12-01,ui-icons_cd0a0a_256x240.png,0,0,0
2012-12-01,jquery-ui.css,5,5,0
2012-12-01,jquery.ui.accordion.css,5,5,0
2012-12-01,jquery.ui.autocomplete.css,5,5,0
2012-12-01,jquery.ui.button.css,5,5,0
2012-12-01,jquery.ui.core.css,5,5,0
2012-12-01,jquery.ui.datepicker.css,5,5,0
2012-12-01,jquery.ui.dialog.css,5,5,0
2012-12-01,jquery.ui.progressbar.css,5,5,0
2012-12-01,jquery.ui.resizable.css,5,5,0
2012-12-01,jquery.ui.selectable.css,5,5,0
2012-12-01,jquery.ui.slider.css,5,5,0
2012-12-01,jquery.ui.tabs.css,5,5,0
2012-12-01,jquery.ui.theme.css,5,5,0
2012-12-01,jquery-ui-i18n.min.js,5,5,0
2012-12-01,jquery-ui.min.js,5,5,0
2012-12-01,delete.gif,0,0,0
2012-12-01,jquery.rating.css,12,12,0
2012-12-01,star.gif,0,0,0
2012-12-01,ajax-loader.gif,0,0,0
2012-12-01,file.gif,0,0,0
2012-12-01,folder-closed.gif,0,0,0
2012-12-01,folder.gif,0,0,0
2012-12-01,minus.gif,0,0,0
2012-12-01,plus.gif,0,0,0
2012-12-01,treeview-black-line.gif,0,0,0
2012-12-01,treeview-black.gif,0,0,0
2012-12-01,treeview-default-line.gif,0,0,0
2012-12-01,treeview-default.gif,0,0,0
2012-12-01,treeview-famfamfam-line.gif,0,0,0
2012-12-01,treeview-famfamfam.gif,0,0,0
2012-12-01,treeview-gray-line.gif,0,0,0
2012-12-01,treeview-gray.gif,0,0,0
2012-12-01,treeview-red-line.gif,0,0,0
2012-12-01,treeview-red.gif,0,0,0
2012-12-01,jquery.treeview.css,74,74,0
2012-12-01,jquery.yiitab.css,58,58,0
2012-12-01,ie.css,35,35,0
2012-12-01,main.css,528,528,0
2012-12-01,print.css,29,29,0
2012-12-01,screen.css,235,235,0
2012-12-01,logo.png,0,0,0
2012-12-01,blank.gif,0,0,0
2012-12-01,fancy_close.png,0,0,0
2012-12-01,fancy_loading.png,0,0,0
2012-12-01,fancy_nav_left.png,0,0,0
2012-12-01,fancy_nav_right.png,0,0,0
2012-12-01,fancy_shadow_e.png,0,0,0
2012-12-01,fancy_shadow_n.png,0,0,0
2012-12-01,fancy_shadow_ne.png,0,0,0
2012-12-01,fancy_shadow_nw.png,0,0,0
2012-12-01,fancy_shadow_s.png,0,0,0
2012-12-01,fancy_shadow_se.png,0,0,0
2012-12-01,fancy_shadow_sw.png,0,0,0
2012-12-01,fancy_shadow_w.png,0,0,0
2012-12-01,fancy_title_left.png,0,0,0
2012-12-01,fancy_title_main.png,0,0,0
2012-12-01,fancy_title_over.png,0,0,0
2012-12-01,fancy_title_right.png,0,0,0
2012-12-01,fancybox-x.png,0,0,0
2012-12-01,fancybox-y.png,0,0,0
2012-12-01,fancybox.png,0,0,0
2012-12-01,jquery.fancybox-1.3.1.css,363,363,0
2012-12-01,jquery.fancybox-1.3.1.pack.js,44,44,0
2012-12-01,jquery.tooltip-1.2.6.min.js,11,11,0
2012-12-01,main.js,79,79,0
2012-12-01,bg.gif,0,0,0
2012-12-01,form.css,160,160,0
2012-12-01,ie.css,36,36,0
2012-12-01,main.css,229,229,0
2012-12-01,print.css,29,29,0
2012-12-01,screen.css,238,238,0
2012-12-01,index-test.php,15,15,0
2012-12-01,index.php,13,13,0
2012-12-01,.htaccess,1,1,0
2012-12-01,Controller.php,23,23,0
2012-12-01,UserIdentity.php,33,33,0
2012-12-01,console.php,37,37,0
2012-12-01,main.php,86,86,0
2012-12-01,test.php,17,17,0
2012-12-01,ListController.php,92,92,0
2012-12-01,SiteController.php,109,109,0
2012-12-01,schema.mysql.sql,28,28,0
2012-12-01,schema.sqlite.sql,28,28,0
2012-12-01,testdrive.db,0,0,0
2012-12-01,ContactForm.php,42,42,0
2012-12-01,LoginForm.php,77,77,0
2012-12-01,application.log,223,223,0
2012-12-01,WebTestCase.php,25,25,0
2012-12-01,bootstrap.php,10,10,0
2012-12-01,SiteTest.php,47,47,0
2012-12-01,phpunit.xml,13,13,0
2012-12-01,column1.php,6,6,0
2012-12-01,column2.php,22,22,0
2012-12-01,main.php,59,59,0
2012-12-01,a.php,6218,6218,0
2012-12-01,data.php,6724,6724,0
2012-12-01,index.php,157,157,0
2012-12-01,lazy.php,63,63,0
2012-12-01,contact.php,85,85,0
2012-12-01,error.php,15,15,0
2012-12-01,index.php,20,20,0
2012-12-01,login.php,53,53,0
2012-12-01,about.php,12,12,0
2012-12-01,yiic,4,4,0
2012-12-01,yiic.bat,16,16,0
2012-12-01,yiic.php,7,7,0
2012-12-01,pinboard.css,1,1,0
2012-12-01,ui-bg_diagonals-thick_18_b81900_40x40.png,0,0,0
2012-12-01,ui-bg_diagonals-thick_20_666666_40x40.png,0,0,0
2012-12-01,ui-bg_flat_10_000000_40x100.png,0,0,0
2012-12-01,ui-bg_glass_100_f6f6f6_1x400.png,0,0,0
2012-12-01,ui-bg_glass_100_fdf5ce_1x400.png,0,0,0
2012-12-01,ui-bg_glass_65_ffffff_1x400.png,0,0,0
2012-12-01,ui-bg_gloss-wave_35_f6a828_500x100.png,0,0,0
2012-12-01,ui-bg_highlight-soft_100_eeeeee_1x100.png,0,0,0
2012-12-01,ui-bg_highlight-soft_75_ffe45c_1x100.png,0,0,0
2012-12-01,ui-icons_222222_256x240.png,0,0,0
2012-12-01,ui-icons_228ef1_256x240.png,0,0,0
2012-12-01,ui-icons_ef8c08_256x240.png,0,0,0
2012-12-01,ui-icons_ffd27a_256x240.png,0,0,0
2012-12-01,ui-icons_ffffff_256x240.png,0,0,0
2012-12-01,jquery-ui-1.9.2.custom.css,462,462,0
2012-12-01,jquery-ui-1.9.2.custom.min.css,5,5,0
2012-12-01,bundle_pin.js,1992,1992,0
2012-12-01,bundle_pin_2.js,787,787,0
2012-12-01,bundle_pin_3.js,15654,15654,0
2012-12-01,bundle_pin_5.js,6747,6747,0
2012-12-01,bundle_pin_6.js,6029,6029,0
2012-12-01,bundle_pin_7.js,6028,6028,0
2012-12-01,jalert.js,115,115,0
2012-12-01,jquery-1.8.3.js,9472,9472,0
2012-12-01,jquery-ui-1.9.2.custom.js,14879,14879,0
2012-12-01,jquery-ui-1.9.2.custom.min.js,6,6,0
2012-12-01,jquery-ui.js,11577,11577,0
2012-12-01,jquery.form.js,0,0,0
2012-12-01,jquery.min.js,4,4,0
2012-12-01,backbone-min.js,727,727,0
2012-12-01,jquery.form.js,1132,1132,0
2012-12-01,jquery.jcarousel.js,1057,1057,0
2012-12-01,jquery.jcarousel.min.js,16,16,0
2012-12-01,jquery.tipsy.js,258,258,0
2012-12-01,underscore-min.js,30,30,0
2012-12-01,ui.js,7603,7603,0
2012-12-01,.htaccess,1,1,0
